Workbook

Sheet Sheet1
B1: DKIST-16 | C1: DKIST-64 | D1: EST-16 | E1: EST-64 | F1: GeMS | G1: MAD | H1: MAVIS | I1: MORFEO | J1: NFIRAOS | K1: ALASCA | L1: ALASCA
A2: D | B2: 4 | C2: 4 | D2: 4.2 | E2: 4.2 | F2: 8 | G2: 8 | H2: 8.2 | I2: 38.5 | J2: 30 | K2: 1 | L2: 1
A3: wvl | B3: 5.5e-07 | C3: 5.5e-07 | D3: 5e-07 | E3: 5e-07 | F3: 5.89e-07 | G3: 5.5e-07 | H3: 5.89e-07 | I3: 5.89e-07 | J3: 5.89e-07 | K3: 5.89e-07 | L3: 5.89e-07
A4: h | B4: 11200 | C4: 11200 | D4: 20000 | E4: 20000 | F4: 9000 | G4: 8500 | H4: 13500 | I4: 17500 | J4: 11800 | K4: 10000 | L4: 10000 | M4: 11200 | N4: 11200 | O4: 20000 | P4: 20000 | Q4: 9000 | R4: 8500 | S4: 13500 | T4: 17500 | U4: 11800
A5: zeta | B5: 0 | C5: 0 | D5: 0 | E5: 0 | F5: 0 | G5: 0 | H5: 0 | I5: 0 | J5: 0 | K5: 0 | L5: 0
A6: r0 | B6: 0.09 | C6: 0.09 | D6: 0.07 | E6: 0.07 | F6: 0.14 | G6: 0.14 | H6: 0.14 | I6: 0.14 | J6: 0.19 | K6: 0.07 | L6: 0.07
A7: r0@wvl | B7: =B6*(B3/0.0000005)^(6/5) -> 0.10090524 | C7: =C6*(C3/0.0000005)^(6/5) -> 0.10090524 | D7: =D6*(D3/0.0000005)^(6/5) -> 0.07 | E7: =E6*(E3/0.0000005)^(6/5) -> 0.07 | F7: =F6*(F3/0.0000005)^(6/5) -> 0.17041287 | G7: =G6*(G3/0.0000005)^(6/5) -> 0.15696371 | H7: =H6*(H3/0.0000005)^(6/5) -> 0.17041287 | I7: =I6*(I3/0.0000005)^(6/5) -> 0.17041287 | ... L7: =L6*(L3/0.0000005)^(6/5) -> 0.085206434
A8: FoV | B8: 60 | C8: 60 | D8: 60 | E8: 60 | F8: 120 | G8: 120 | H8: 120 | I8: 160 | J8: 120 | K8: 5 | L8: 5
A9: cexpand | B9: 4 | C9: 4 | D9: 4 | E9: 4 | F9: 4 | G9: 4 | H9: 4 | I9: 4 | J9: 4 | K9: 4 | L9: 4
A10: wfs_pitch | B10: 0.093 | C10: 0.093 | D10: 0.08 | E10: 0.08 | F10: 0.5 | G10: 1 | H10: 0.216 | I10: 0.55 | J10: 0.5 | K10: =K2/K11 -> 0.1 | L10: =L2/L11 -> 0.1
A11: nxsub | B11: =B2/B10 -> 43.010753 | C11: =C2/C10 -> 43.010753 | D11: =D2/D10 -> 52.5 | E11: =E2/E10 -> 52.5 | F11: =F2/F10 -> 16 | G11: =G2/G10 -> 8 | H11: =H2/H10 -> 37.962963 | I11: =I2/I10 -> 70 | J11: =J2/J10 -> 60 | K11: 10 | L11: 10 | O11: =9*1452 -> 13068 | P11: =9*3847 -> 34623
A12: subpxl | B12: 16 | C12: 64 | D12: 16 | E12: 64 | F12: 16 | G12: 16 | H12: 16 | I12: 16 | J12: 16 | K12: 16 | L12: 64
A13: delta | B13: =B2/B12/B11 -> 0.0058125 | C13: =C2/C12/C11 -> 0.001453125 | D13: =D2/D12/D11 -> 0.005 | E13: =E2/E12/E11 -> 0.00125 | F13: =F2/F12/F11 -> 0.03125 | G13: =G2/G12/G11 -> 0.0625 | H13: =H2/H12/H11 -> 0.0135 | I13: =I2/I12/I11 -> 0.034375 | ... L13: =L2/L12/L11 -> 0.0015625
A14: nwfs | B14: 9 | C14: 9 | D14: 19 | E14: 19 | F14: 8 | G14: 11 | H14: 11 | I14: 9 | J14: 9 | K14: 1 | L14: 1
A15: n-isoplan | B15: =(B8)^2 -> 3600 | C15: =(C8)^2 -> 3600 | D15: =(D8)^2 -> 3600 | E15: =(E8)^2 -> 3600 | F15: 1 | G15: 1 | H15: 1 | I15: 1 | J15: 1 | K15: 1 | L15: 1
A16: ndm | B16: 3 | C16: 3 | D16: 5 | E16: 5 | F16: 3 | G16: 2 | H16: 3 | I16: 3 | J16: 2 | K16: 2 | L16: 2
A18: z | B18: =B4/COS(RADIANS(B5)) -> 11200 | C18: =C4/COS(RADIANS(C5)) -> 11200 | D18: =D4/COS(RADIANS(D5)) -> 20000 | E18: =E4/COS(RADIANS(E5)) -> 20000 | F18: =F4/COS(RADIANS(F5)) -> 9000 | G18: =G4/COS(RADIANS(G5)) -> 8500 | H18: =H4/COS(RADIANS(H5)) -> 13500 | I18: =I4/COS(RADIANS(I5)) -> 17500 | ... L18: =L4/COS(RADIANS(L5)) -> 10000
A19: D_ps | B19: =B2+B8*B18/206265+B9*B3/B7*B18 -> 7.5021344 | C19: =C2+C8*C18/206265+C9*C3/C7*C18 -> 7.5021344 | D19: =D2+D8*D18/206265+D9*D3/D7*D18 -> 10.589187 | E19: =E2+E8*E18/206265+E9*E3/E7*E18 -> 10.589187 | F19: =F2+F8*F18/206265+F9*F3/F7*F18 -> 13.36041 | G19: =G2+G8*G18/206265+G9*G3/G7*G18 -> 13.064231 | H19: =H2+H8*H18/206265+H9*H3/H7*H18 -> 16.240615 | I19: =I2+I8*I18/206265+I9*I3/I7*I18 -> 52.316712 | ... L19: =L2+L8*L18/206265+L9*L3/L7*L18 -> 1.5189116
A20: Dz | B20: =B2+B9*B3/B7*B18 -> 4.2441895 | C20: =C2+C9*C3/C7*C18 -> 4.2441895 | D20: =D2+D9*D3/D7*D18 -> 4.7714286 | E20: =E2+E9*E3/E7*E18 -> 4.7714286 | F20: =F2+F9*F3/F7*F18 -> 8.1244272 | G20: =G2+G9*G3/G7*G18 -> 8.1191358 | H20: =H2+H9*H3/H7*H18 -> 8.3866408 | I20: =I2+I9*I3/I7*I18 -> 38.741942 | ... L20: =L2+L9*L3/L7*L18 -> 1.2765049
A21: N_0 | B21: =B2/B13 -> 688.17204 | C21: =C2/C13 -> 2752.6882 | D21: =D2/D13 -> 840 | E21: =E2/E13 -> 3360 | F21: =F2/F13 -> 256 | G21: =G2/G13 -> 128 | H21: =H2/H13 -> 607.40741 | I21: =I2/I13 -> 1120 | ... L21: =L2/L13 -> 640
A22: N_z | B22: =B20/B13 -> 730.18314 | C22: =C20/C13 -> 2920.7326 | D22: =D20/D13 -> 954.28571 | E22: =E20/E13 -> 3817.1429 | F22: =F20/F13 -> 259.98167 | G22: =G20/G13 -> 129.90617 | H22: =H20/H13 -> 621.23265 | I22: =I20/I13 -> 1127.0383 | ... L22: =L20/L13 -> 816.96316
A24: N_ps | B24: =B19/B13 -> 1290.6898 | C24: =C19/C13 -> 5162.7591 | D24: =D19/D13 -> 2117.8375 | E24: =E19/E13 -> 8471.3498 | F24: =F19/F13 -> 427.53312 | G24: =G19/G13 -> 209.02769 | H24: =H19/H13 -> 1203.0085 | I24: =I19/I13 -> 1521.9407 | ... L24: =L19/L13 -> 972.10339
A25: N_prop | B25: =MAX(B2/2/B13+B20/2/B13+B3*B18/2/B13^2,B3*B18/B13^2) -> 800.34189 | C25: =MAX(C2/2/C13+C20/2/C13+C3*C18/2/C13^2,C3*C18/C13^2) -> 4295.3391 | D25: =MAX(D2/2/D13+D20/2/D13+D3*D18/2/D13^2,D3*D18/D13^2) -> 1097.1429 | E25: =MAX(E2/2/E13+E20/2/E13+E3*E18/2/E13^2,E3*E18/E13^2) -> 6788.5714 | F25: =MAX(F2/2/F13+F20/2/F13+F3*F18/2/F13^2,F3*F18/F13^2) -> 260.70495 | G25: =MAX(G2/2/G13+G20/2/G13+G3*G18/2/G13^2,G3*G18/G13^2) -> 129.55149 | H25: =MAX(H2/2/H13+H20/2/H13+H3*H18/2/H13^2,H3*H18/H13^2) -> 636.13485 | I25: =MAX(I2/2/I13+I20/2/I13+I3*I18/2/I13^2,I3*I18/I13^2) -> 1127.8807 | ... L25: =MAX(L2/2/L13+L20/2/L13+L3*L18/2/L13^2,L3*L18/L13^2) -> 2412.544
A26: N_wfssubap | B26: =B12 -> 16 | C26: =C12 -> 64 | D26: =D12 -> 16 | E26: =E12 -> 64 | F26: =F12 -> 16 | G26: =G12 -> 16 | H26: =H12 -> 16 | I26: =I12 -> 16 | ... L26: =L12 -> 64
A27: nxsub | B27: =B11 -> 43.010753 | C27: =C11 -> 43.010753 | D27: =D11 -> 52.5 | E27: =E11 -> 52.5 | F27: =F11 -> 16 | G27: =G11 -> 8 | H27: =H11 -> 37.962963 | I27: =I11 -> 70 | ... L27: =L11 -> 10
A28: total subap | B28: =B27^2/4*3.14 -> 1452.191 | C28: =C27^2/4*3.14 -> 1452.191 | D28: =D27^2/4*3.14 -> 2163.6562 | E28: =E27^2/4*3.14 -> 2163.6562 | F28: =F27^2/4*3.14 -> 200.96 | G28: =G27^2/4*3.14 -> 50.24 | H28: =H27^2/4*3.14 -> 1131.3314 | I28: =I27^2/4*3.14 -> 3846.5 | ... L28: =L27^2/4*3.14 -> 78.5
A30: t_ps | B30: 1.53 | C30: 20 | D30: 3.84 | E30: 50.2 | F30: 0.198 | G30: 0.0525 | H30: 1.34 | I30: 2.08 | J30: 1.3 | K30: 0.0694 | L30: 0.907
A31: t_prop | B31: 0.573 | C31: 25.2 | D31: 1.16 | E31: 70.6 | F31: 0.046 | G31: 0.00959 | H31: 0.342 | I31: 1.24 | J31: 0.874 | K31: 0.0449 | L31: 6.88
A32: t_FT | B32: 5.68e-05 | C32: 0.000184 | D32: 5.68e-05 | E32: 0.000184 | F32: 5.68e-05 | G32: 5.68e-05 | H32: 5.68e-05 | I32: 5.68e-05 | J32: 5.68e-05 | K32: 5.68e-05 | L32: 0.000184
A33: t_IG | B33: 3.64e-05 | C33: 7.87e-05 | D33: 3.64e-05 | E33: 7.87e-05 | F33: 3.64e-05 | G33: 3.64e-05 | H33: 3.64e-05 | I33: 3.64e-05 | J33: 3.64e-05 | K33: 3.64e-05 | L33: 7.87e-05
A34: t_G | B34: 2.85e-05 | C34: 5.84e-05 | D34: 2.85e-05 | E34: 5.84e-05 | F34: 2.85e-05 | G34: 2.85e-05 | H34: 2.85e-05 | I34: 2.85e-05 | J34: 2.85e-05 | K34: 2.85e-05 | L34: 5.84e-05
A36: T_ps | B36: =B30*B16 -> 4.59 | C36: =C30*C16 -> 60 | D36: =D30*D16 -> 19.2 | E36: =E30*E16 -> 251 | F36: =F30*F16 -> 0.594 | G36: =G30*G16 -> 0.105 | H36: =H30*H16 -> 4.02 | I36: =I30*I16 -> 6.24 | ... L36: =L30*L16 -> 1.814
A37: T_prop | B37: =B31*B14*(B16*2-1) -> 25.785 | C37: =C31*C14*(C16*2-1) -> 1134 | D37: =D31*D14*(D16*2-1) -> 198.36 | E37: =E31*E14*(E16*2-1) -> 12072.6 | F37: =F31*F14*(F16*2-1) -> 1.84 | G37: =G31*G14*(G16*2-1) -> 0.31647 | H37: =H31*H14*(H16*2-1) -> 18.81 | I37: =I31*I14*(I16*2-1) -> 55.8 | ... L37: =L31*L14*(L16*2-1) -> 20.64
A38: T_FT | B38: =B32*B28*B14*B15 -> 2672.4961 | C38: =C32*C28*C14*C15 -> 8657.3819 | D38: =D32*D28*D14*D15 -> 8406.0642 | E38: =E32*E28*E14*E15 -> 27230.912 | F38: =F32*F28*F14*F15 -> 0.091316224 | G38: =G32*G28*G14*G15 -> 0.031389952 | H38: =H32*H28*H14*H15 -> 0.70685589 | I38: =I32*I28*I14*I15 -> 1.9663308 | ... L38: =L32*L28*L14*L15 -> 0.014444
A39: T_IG | B39: =B33*B28*B14*B15 -> 1712.656 | C39: =C33*C28*C14*C15 -> 3702.9128 | D39: =D33*D28*D14*D15 -> 5386.9848 | E39: =E33*E28*E14*E15 -> 11647.135 | F39: =F33*F28*F14*F15 -> 0.058519552 | G39: =G33*G28*G14*G15 -> 0.020116096 | H39: =H33*H28*H14*H15 -> 0.45298511 | I39: =I33*I28*I14*I15 -> 1.2601134 | ... L39: =L33*L28*L14*L15 -> 0.00617795
A40: T_G | B40: =B14*B15*B28*B34 -> 1340.9532 | C40: =C14*C15*C28*C34 -> 2747.7777 | D40: =D14*D15*D28*D34 -> 4217.8315 | E40: =E14*E15*E28*E34 -> 8642.8547 | F40: =F14*F15*F28*F34 -> 0.04581888 | G40: =G14*G15*G28*G34 -> 0.01575024 | H40: =H14*H15*H28*H34 -> 0.35467241 | I40: =I14*I15*I28*I34 -> 0.98662725 | ... L40: =L14*L15*L28*L34 -> 0.0045844
A42: benefit-IG (%) | B42: =(B38-B39)/(B36+B37+B38)*100 -> 35.511873 | C42: =(C38-C39)/(C36+C37+C38)*100 -> 50.292123 | D42: =(D38-D39)/(D36+D37+D38)*100 -> 35.009404 | E42: =(E38-E39)/(E36+E37+E38)*100 -> 39.398229 | F42: =(F38-F39)/(F36+F37+F38)*100 -> 1.2987155 | G42: =(G38-G39)/(G36+G37+G38)*100 -> 2.4894796 | H42: =(H38-H39)/(H36+H37+H38)*100 -> 1.0786096 | I42: =(I38-I39)/(I36+I37+I38)*100 -> 1.1033555 | ... L42: =(L38-L39)/(L36+L37+L38)*100 -> 0.036789597
A43: benefit-IG (s) | B43: =B38-B39 -> 959.84017 | C43: =C38-C39 -> 4954.4691 | D43: =D38-D39 -> 3019.0794 | E43: =E38-E39 -> 15583.777 | F43: =F38-F39 -> 0.032796672 | G43: =G38-G39 -> 0.011273856 | H43: =H38-H39 -> 0.25387078 | I43: =I38-I39 -> 0.7062174 | ... L43: =L38-L39 -> 0.00826605
A44: benefit-G (s) | B44: =(B38-B40) -> 1331.543 | C44: =(C38-C40) -> 5909.6042 | D44: =(D38-D40) -> 4188.2327 | E44: =(E38-E40) -> 18588.057 | F44: =(F38-F40) -> 0.045497344 | G44: =(G38-G40) -> 0.015639712 | H44: =(H38-H40) -> 0.35218348 | I44: =(I38-I40) -> 0.97970355 | ... L44: =(L38-L40) -> 0.0098596
A45: benefit-G (%) | B45: =(B38-B40)/(B36+B37+B38)*100 -> 49.26402 | C45: =(C38-C40)/(C36+C37+C38)*100 -> 59.987565 | D45: =(D38-D40)/(D36+D37+D38)*100 -> 48.566967 | E45: =(E38-E40)/(E36+E37+E38)*100 -> 46.99352 | F45: =(F38-F40)/(F36+F37+F38)*100 -> 1.8016494 | G45: =(G38-G40)/(G36+G37+G38)*100 -> 3.4535427 | H45: =(H38-H40)/(H36+H37+H38)*100 -> 1.4963064 | I45: =(I38-I40)/(I36+I37+I38)*100 -> 1.5306354 | ... L45: =(L38-L40)/(L36+L37+L38)*100 -> 0.043881988
B47: =B1 -> DKIST-16 | C47: =C1 -> DKIST-64 | D47: =D1 -> EST-16 | E47: =E1 -> EST-64 | F47: =F1 -> GeMS | G47: =G1 -> MAD | H47: =H1 -> MAVIS | I47: =I1 -> MORFEO | ... L47: =L1 -> ALASCA
A48: =A14 -> nwfs | B48: =B14 -> 9 | C48: =C14 -> 9 | D48: =D14 -> 19 | E48: =E14 -> 19 | F48: =F14 -> 8 | G48: =G14 -> 11 | H48: =H14 -> 11 | ... L48: =L14 -> 1
A49: =A11 -> nxsub | B49: =B11 -> 43.010753 | C49: =C11 -> 43.010753 | D49: =D11 -> 52.5 | E49: =E11 -> 52.5 | F49: =F11 -> 16 | G49: =G11 -> 8 | H49: =H11 -> 37.962963 | ... L49: =L11 -> 10
A50: total sub | B50: =B28 -> 1452.191 | C50: =C28 -> 1452.191 | D50: =D28 -> 2163.6562 | E50: =E28 -> 2163.6562 | F50: =F28 -> 200.96 | G50: =G28 -> 50.24 | H50: =H28 -> 1131.3314 | I50: =I28 -> 3846.5 | ... L50: =L28 -> 78.5
A51: =A12 -> subpxl | B51: =B12 -> 16 | C51: =C12 -> 64 | D51: =D12 -> 16 | E51: =E12 -> 64 | F51: =F12 -> 16 | G51: =G12 -> 16 | H51: =H12 -> 16 | ... L51: =L12 -> 64
A52: =A15 -> n-isoplan | B52: =B15 -> 3600 | C52: =C15 -> 3600 | D52: =D15 -> 3600 | E52: =E15 -> 3600 | F52: =F15 -> 1 | G52: =G15 -> 1 | H52: =H15 -> 1 | ... L52: =L15 -> 1
A53: ndm | B53: =B16 -> 3 | C53: =C16 -> 3 | D53: =D16 -> 5 | E53: =E16 -> 5 | F53: =F16 -> 3 | G53: =G16 -> 2 | H53: =H16 -> 3 | I53: =I16 -> 3 | ... L53: =L16 -> 2
A54: prop_step | B54: =B53*2-1 -> 5 | C54: =C53*2-1 -> 5 | D54: =D53*2-1 -> 9 | E54: =E53*2-1 -> 9 | F54: =F53*2-1 -> 5 | G54: =G53*2-1 -> 3 | H54: =H53*2-1 -> 5 | I54: =I53*2-1 -> 5 | ... L54: =L53*2-1 -> 3
A55: =A24 -> N_ps | B55: =B24 -> 1290.6898 | C55: =C24 -> 5162.7591 | D55: =D24 -> 2117.8375 | E55: =E24 -> 8471.3498 | F55: =F24 -> 427.53312 | G55: =G24 -> 209.02769 | H55: =H24 -> 1203.0085 | ... L55: =L24 -> 972.10339
A56: =A25 -> N_prop | B56: =B25 -> 800.34189 | C56: =C25 -> 4295.3391 | D56: =D25 -> 1097.1429 | E56: =E25 -> 6788.5714 | F56: =F25 -> 260.70495 | G56: =G25 -> 129.55149 | H56: =H25 -> 636.13485 | ... L56: =L25 -> 2412.544
B57: =B1 -> DKIST-16 | C57: =C1 -> DKIST-64 | D57: =D1 -> EST-16 | E57: =E1 -> EST-64 | F57: =F1 -> GeMS | G57: =G1 -> MAD | H57: =H1 -> MAVIS | I57: =I1 -> MORFEO | ... L57: =L1 -> ALASCA
A58: =A30 -> t_ps | B58: =B30 -> 1.53 | C58: =C30 -> 20 | D58: =D30 -> 3.84 | E58: =E30 -> 50.2 | F58: =F30 -> 0.198 | G58: =G30 -> 0.0525 | H58: =H30 -> 1.34 | ... L58: =L30 -> 0.907
A59: =A31 -> t_prop | B59: =B31 -> 0.573 | C59: =C31 -> 25.2 | D59: =D31 -> 1.16 | E59: =E31 -> 70.6 | F59: =F31 -> 0.046 | G59: =G31 -> 0.00959 | H59: =H31 -> 0.342 | ... L59: =L31 -> 6.88
A60: =A32 -> t_FT | B60: =B32 -> 5.68e-05 | C60: =C32 -> 0.000184 | D60: =D32 -> 5.68e-05 | E60: =E32 -> 0.000184 | F60: =F32 -> 5.68e-05 | G60: =G32 -> 5.68e-05 | H60: =H32 -> 5.68e-05 | ... L60: =L32 -> 0.000184
A61: =A33 -> t_IG | B61: =B33 -> 3.64e-05 | C61: =C33 -> 7.87e-05 | D61: =D33 -> 3.64e-05 | E61: =E33 -> 7.87e-05 | F61: =F33 -> 3.64e-05 | G61: =G33 -> 3.64e-05 | H61: =H33 -> 3.64e-05 | ... L61: =L33 -> 7.87e-05
A62: t_G | B62: =B34 -> 2.85e-05 | C62: =C34 -> 5.84e-05 | D62: =D34 -> 2.85e-05 | E62: =E34 -> 5.84e-05 | F62: =F34 -> 2.85e-05 | G62: =G34 -> 2.85e-05 | H62: =H34 -> 2.85e-05 | I62: =I34 -> 2.85e-05 | ... L62: =L34 -> 5.84e-05
B63: =B57 -> DKIST-16 | C63: =C57 -> DKIST-64 | D63: =D57 -> EST-16 | E63: =E57 -> EST-64 | F63: =F57 -> GeMS | G63: =G57 -> MAD | H63: =H57 -> MAVIS | I63: =I57 -> MORFEO | ... L63: =L57 -> ALASCA
A64: =A36 -> T_ps | B64: =B36 -> 4.59 | C64: =C36 -> 60 | D64: =D36 -> 19.2 | E64: =E36 -> 251 | F64: =F36 -> 0.594 | G64: =G36 -> 0.105 | H64: =H36 -> 4.02 | ... L64: =L36 -> 1.814
A65: =A37 -> T_prop | B65: =B37 -> 25.785 | C65: =C37 -> 1134 | D65: =D37 -> 198.36 | E65: =E37 -> 12072.6 | F65: =F37 -> 1.84 | G65: =G37 -> 0.31647 | H65: =H37 -> 18.81 | ... L65: =L37 -> 20.64
A66: =A38 -> T_FT | B66: =B38 -> 2672.4961 | C66: =C38 -> 8657.3819 | D66: =D38 -> 8406.0642 | E66: =E38 -> 27230.912 | F66: =F38 -> 0.091316224 | G66: =G38 -> 0.031389952 | H66: =H38 -> 0.70685589 | ... L66: =L38 -> 0.014444
A67: =A39 -> T_IG | B67: =B39 -> 1712.656 | C67: =C39 -> 3702.9128 | D67: =D39 -> 5386.9848 | E67: =E39 -> 11647.135 | F67: =F39 -> 0.058519552 | G67: =G39 -> 0.020116096 | H67: =H39 -> 0.45298511 | ... L67: =L39 -> 0.00617795
A68: T_G | B68: =B40 -> 1340.9532 | C68: =C40 -> 2747.7777 | D68: =D40 -> 4217.8315 | E68: =E40 -> 8642.8547 | F68: =F40 -> 0.04581888 | G68: =G40 -> 0.01575024 | H68: =H40 -> 0.35467241 | I68: =I40 -> 0.98662725 | ... L68: =L40 -> 0.0045844
A69: =A43 -> benefit-IG (s) | B69: =B43 -> 959.84017 | C69: =C43 -> 4954.4691 | D69: =D43 -> 3019.0794 | E69: =E43 -> 15583.777 | F69: =F43 -> 0.032796672 | G69: =G43 -> 0.011273856 | H69: =H43 -> 0.25387078 | ... L69: =L43 -> 0.00826605
A70: =A42 -> benefit-IG (%) | B70: =B42 -> 35.511873 | C70: =C42 -> 50.292123 | D70: =D42 -> 35.009404 | E70: =E42 -> 39.398229 | F70: =F42 -> 1.2987155 | G70: =G42 -> 2.4894796 | H70: =H42 -> 1.0786096 | ... L70: =L42 -> 0.036789597
A71: =A44 -> benefit-G (s) | B71: =B44 -> 1331.543 | C71: =C44 -> 5909.6042 | D71: =D44 -> 4188.2327 | E71: =E44 -> 18588.057 | F71: =F44 -> 0.045497344 | G71: =G44 -> 0.015639712 | H71: =H44 -> 0.35218348 | ... L71: =L44 -> 0.0098596
A72: =A45 -> benefit-G (%) | B72: =B45 -> 49.26402 | C72: =C45 -> 59.987565 | D72: =D45 -> 48.566967 | E72: =E45 -> 46.99352 | F72: =F45 -> 1.8016494 | G72: =G45 -> 3.4535427 | H72: =H45 -> 1.4963064 | ... L72: =L45 -> 0.043881988
N73: 1 los per subap
A74: =A57 -> 0 | B74: =B57 -> DKIST-16 | C74: =C57 -> DKIST-64 | D74: =D57 -> EST-16 | E74: =E57 -> EST-64 | F74: =F57 -> GeMS | G74: =G57 -> MAD | H74: =H57 -> MAVIS | ... L74: =L57 -> ALASCA | N74: =A74 -> 0 | O74: =B74 -> DKIST-16 | P74: =C74 -> DKIST-64 | Q74: =D74 -> EST-16 | R74: =E74 -> EST-64 | S74: =F74 -> GeMS | T74: =G74 -> MAD | U74: =H74 -> MAVIS | ... Y74: =L74 -> ALASCA
A75: =A58 -> t_ps | B75: =B58 -> 1.53 | C75: =C58 -> 20 | D75: =D58 -> 3.84 | E75: =E58 -> 50.2 | F75: =F58 -> 0.198 | G75: =G58 -> 0.0525 | H75: =H58 -> 1.34 | ... L75: =L58 -> 0.907 | N75: =A75 -> t_ps | O75: =B75 -> 1.53 | P75: =C75 -> 20 | Q75: =D75 -> 3.84 | R75: =E75 -> 50.2 | S75: =F75 -> 0.198 | T75: =G75 -> 0.0525 | U75: =H75 -> 1.34 | ... Y75: =L75 -> 0.907
A76: =A59 -> t_prop | B76: =B59 -> 0.573 | C76: =C59 -> 25.2 | D76: =D59 -> 1.16 | E76: =E59 -> 70.6 | F76: =F59 -> 0.046 | G76: =G59 -> 0.00959 | H76: =H59 -> 0.342 | ... L76: =L59 -> 6.88 | N76: =A76 -> t_prop | O76: =B76 -> 0.573 | P76: =C76 -> 25.2 | Q76: =D76 -> 1.16 | R76: =E76 -> 70.6 | S76: =F76 -> 0.046 | T76: =G76 -> 0.00959 | U76: =H76 -> 0.342 | ... Y76: =L76 -> 6.88
A77: =A60 -> t_FT | B77: =B60 -> 5.68e-05 | C77: =C60 -> 0.000184 | D77: =D60 -> 5.68e-05 | E77: =E60 -> 0.000184 | F77: =F60 -> 5.68e-05 | G77: =G60 -> 5.68e-05 | H77: =H60 -> 5.68e-05 | ... L77: =L60 -> 0.000184 | N77: =A80 -> t_correlate | O77: =B80 -> 9e-05 | P77: =C80 -> 0.00038 | Q77: =D80 -> 9e-05 | R77: =E80 -> 0.00038 | S77: =F80 -> 0 | T77: =G80 -> 0 | U77: =H80 -> 0 | ... Y77: =L80 -> 0
A78: =A61 -> t_IG | B78: =B61 -> 3.64e-05 | C78: =C61 -> 7.87e-05 | D78: =D61 -> 3.64e-05 | E78: =E61 -> 7.87e-05 | F78: =F61 -> 3.64e-05 | G78: =G61 -> 3.64e-05 | H78: =H61 -> 3.64e-05 | ... L78: =L61 -> 7.87e-05 | N78: =A77 -> t_FT | O78: =B77 -> 5.68e-05 | P78: =C77 -> 0.000184 | Q78: =D77 -> 5.68e-05 | R78: =E77 -> 0.000184 | S78: =F77 -> 5.68e-05 | T78: =G77 -> 5.68e-05 | U78: =H77 -> 5.68e-05 | ... Y78: =L77 -> 0.000184
A79: =A62 -> t_G | B79: =B62 -> 2.85e-05 | C79: =C62 -> 5.84e-05 | D79: =D62 -> 2.85e-05 | E79: =E62 -> 5.84e-05 | F79: =F62 -> 2.85e-05 | G79: =G62 -> 2.85e-05 | H79: =H62 -> 2.85e-05 | ... L79: =L62 -> 5.84e-05 | N79: =A78 -> t_IG | O79: =B78 -> 3.64e-05 | P79: =C78 -> 7.87e-05 | Q79: =D78 -> 3.64e-05 | R79: =E78 -> 7.87e-05 | S79: =F78 -> 3.64e-05 | T79: =G78 -> 3.64e-05 | U79: =H78 -> 3.64e-05 | ... Y79: =L78 -> 7.87e-05
A80: t_correlate | B80: 9e-05 | C80: 0.00038 | D80: 9e-05 | E80: 0.00038 | F80: 0 | G80: 0 | H80: 0 | I80: 0 | J80: 0 | K80: 0 | L80: 0 | N80: =A79 -> t_G | O80: =B79 -> 2.85e-05 | P80: =C79 -> 5.84e-05 | Q80: =D79 -> 2.85e-05 | R80: =E79 -> 5.84e-05 | S80: =F79 -> 2.85e-05 | T80: =G79 -> 2.85e-05 | U80: =H79 -> 2.85e-05 | ... Y80: =L79 -> 5.84e-05
A81: number ps | B81: =B53 -> 3 | C81: =C53 -> 3 | D81: =D53 -> 5 | E81: =E53 -> 5 | F81: =F53 -> 3 | G81: =G53 -> 2 | H81: =H53 -> 3 | I81: =I53 -> 3 | ... L81: =L53 -> 2 | N81: =A81 -> number ps | O81: =B81 -> 3 | P81: =C81 -> 3 | Q81: =D81 -> 5 | R81: =E81 -> 5 | S81: =F81 -> 3 | T81: =G81 -> 2 | U81: =H81 -> 3 | ... Y81: =L81 -> 2
A82: number prop | B82: =B54 -> 5 | C82: =C54 -> 5 | D82: =D54 -> 9 | E82: =E54 -> 9 | F82: =F54 -> 5 | G82: =G54 -> 3 | H82: =H54 -> 5 | I82: =I54 -> 5 | ... L82: =L54 -> 3 | N82: =A82 -> number prop | O82: =B82*B14 -> 45 | P82: =C82*C14 -> 45 | Q82: =D82*D14 -> 171 | R82: =E82*E14 -> 171 | S82: =F82*F14 -> 40 | T82: =G82*G14 -> 33 | U82: =H82*H14 -> 55 | V82: =I82*I14 -> 45 | ... Y82: =L82*L14 -> 3
A83: number slope | B83: =INT(B48*B50*(B52+1)) -> 47064058 | C83: =INT(C48*C50*(C52+1)) -> 47064058 | D83: =INT(D48*D50*(D52+1)) -> 148035196 | E83: =INT(E48*E50*(E52+1)) -> 148035196 | F83: =INT(F48*F50*(F52+1)) -> 3215 | G83: =INT(G48*G50*(G52+1)) -> 1105 | H83: =INT(H48*H50*(H52+1)) -> 24889 | I83: =INT(I48*I50*(I52+1)) -> 69237 | J83: =INT(J48*J50*J52) -> 25434 | K83: =INT(K48*K50*K52) -> 78 | L83: =INT(L48*L50*L52) -> 78 | N83: numsubap | O83: =INT(B48*B50) -> 13069 | P83: =INT(C48*C50) -> 13069 | Q83: =INT(D48*D50) -> 41109 | R83: =INT(E48*E50) -> 41109 | S83: =INT(F48*F50) -> 1607 | T83: =INT(G48*G50) -> 552 | U83: =INT(H48*H50) -> 12444 | V83: =INT(I48*I50) -> 34618 | ... Y83: =INT(L48*L50) -> 78
A84: =A64 -> T_ps | B84: =B64 -> 4.59 | C84: =C64 -> 60 | D84: =D64 -> 19.2 | E84: =E64 -> 251 | F84: =F64 -> 0.594 | G84: =G64 -> 0.105 | H84: =H64 -> 4.02 | ... L84: =L64 -> 1.814 | N84: =A84 -> T_ps | O84: =O81*O75 -> 4.59 | P84: =P81*P75 -> 60 | Q84: =Q81*Q75 -> 19.2 | R84: =R81*R75 -> 251 | S84: =S81*S75 -> 0.594 | T84: =T81*T75 -> 0.105 | U84: =U81*U75 -> 4.02 | V84: =V81*V75 -> 6.24 | ... Y84: =Y81*Y75 -> 1.814
A85: =A65 -> T_prop | B85: =B65 -> 25.785 | C85: =C65 -> 1134 | D85: =D65 -> 198.36 | E85: =E65 -> 12072.6 | F85: =F65 -> 1.84 | G85: =G65 -> 0.31647 | H85: =H65 -> 18.81 | ... L85: =L65 -> 20.64 | N85: =A85 -> T_prop | O85: =O82*O76 -> 25.785 | P85: =P82*P76 -> 1134 | Q85: =Q82*Q76 -> 198.36 | R85: =R82*R76 -> 12072.6 | S85: =S82*S76 -> 1.84 | T85: =T82*T76 -> 0.31647 | U85: =U82*U76 -> 18.81 | V85: =V82*V76 -> 55.8 | ... Y85: =Y82*Y76 -> 20.64
A86: =A66 -> T_FT | B86: =B66 -> 2672.4961 | C86: =C66 -> 8657.3819 | D86: =D66 -> 8406.0642 | E86: =E66 -> 27230.912 | F86: =F66 -> 0.091316224 | G86: =G66 -> 0.031389952 | H86: =H66 -> 0.70685589 | ... L86: =L66 -> 0.014444 | N86: =A89 -> T_correlate | O86: =O77*O83 -> 1.17621 | P86: =P77*P83 -> 4.96622 | Q86: =Q77*Q83 -> 3.69981 | R86: =R77*R83 -> 15.62142 | S86: =S77*S83 -> 0 | T86: =T77*T83 -> 0 | U86: =U77*U83 -> 0 | V86: =V77*V83 -> 0 | ... Y86: =Y77*Y83 -> 0
A87: =A67 -> T_IG | B87: =B67 -> 1712.656 | C87: =C67 -> 3702.9128 | D87: =D67 -> 5386.9848 | E87: =E67 -> 11647.135 | F87: =F67 -> 0.058519552 | G87: =G67 -> 0.020116096 | H87: =H67 -> 0.45298511 | ... L87: =L67 -> 0.00617795 | N87: =A86 -> T_FT | O87: =O78*O83 -> 0.7423192 | P87: =P78*P83 -> 2.404696 | Q87: =Q78*Q83 -> 2.3349912 | R87: =R78*R83 -> 7.564056 | S87: =S78*S83 -> 0.0912776 | T87: =T78*T83 -> 0.0313536 | U87: =U78*U83 -> 0.7068192 | V87: =V78*V83 -> 1.9663024 | ... Y87: =Y78*Y83 -> 0.014352
A88: =A68 -> T_G | B88: =B68 -> 1340.9532 | C88: =C68 -> 2747.7777 | D88: =D68 -> 4217.8315 | E88: =E68 -> 8642.8547 | F88: =F68 -> 0.04581888 | G88: =G68 -> 0.01575024 | H88: =H68 -> 0.35467241 | ... L88: =L68 -> 0.0045844 | N88: =A87 -> T_IG | O88: =O79*O83 -> 0.4757116 | P88: =P79*P83 -> 1.0285303 | Q88: =Q79*Q83 -> 1.4963676 | R88: =R79*R83 -> 3.2352783 | S88: =S79*S83 -> 0.0584948 | T88: =T79*T83 -> 0.0200928 | U88: =U79*U83 -> 0.4529616 | V88: =V79*V83 -> 1.2600952 | ... Y88: =Y79*Y83 -> 0.0061386
A89: T_correlate | B89: =B80*B50*B48 -> 1.1762747 | C89: =C80*C50*C48 -> 4.9664932 | D89: =D80*D50*D48 -> 3.6998522 | E89: =E80*E50*E48 -> 15.621598 | F89: =F80*F50*F48 -> 0 | G89: =G80*G50*G48 -> 0 | H89: =H80*H50*H48 -> 0 | I89: =I80*I50*I48 -> 0 | ... L89: =L80*L50*L48 -> 0 | N89: =A88 -> T_G | O89: =O80*O83 -> 0.3724665 | P89: =P80*P83 -> 0.7632296 | Q89: =Q80*Q83 -> 1.1716065 | R89: =R80*R83 -> 2.4007656 | S89: =S80*S83 -> 0.0457995 | T89: =T80*T83 -> 0.015732 | U89: =U80*U83 -> 0.354654 | V89: =V80*V83 -> 0.986613 | ... Y89: =Y80*Y83 -> 0.0045552
A90: =A69 -> benefit-IG (s) | B90: =B69 -> 959.84017 | C90: =C69 -> 4954.4691 | D90: =D69 -> 3019.0794 | E90: =E69 -> 15583.777 | F90: =F69 -> 0.032796672 | G90: =G69 -> 0.011273856 | H90: =H69 -> 0.25387078 | ... L90: =L69 -> 0.00826605 | N90: =A90 -> benefit-IG (s) | O90: =O87-O88 -> 0.2666076 | P90: =P87-P88 -> 1.3761657 | Q90: =Q87-Q88 -> 0.8386236 | R90: =R87-R88 -> 4.3287777 | S90: =S87-S88 -> 0.0327828 | T90: =T87-T88 -> 0.0112608 | U90: =U87-U88 -> 0.2538576 | V90: =V87-V88 -> 0.7062072 | ... Y90: =Y87-Y88 -> 0.0082134
A91: =A71 -> benefit-G (s) | B91: =B71 -> 1331.543 | C91: =C71 -> 5909.6042 | D91: =D71 -> 4188.2327 | E91: =E71 -> 18588.057 | F91: =F71 -> 0.045497344 | G91: =G71 -> 0.015639712 | H91: =H71 -> 0.35218348 | ... L91: =L71 -> 0.0098596 | N91: =A91 -> benefit-G (s) | O91: =O87-O89 -> 0.3698527 | P91: =P87-P89 -> 1.6414664 | Q91: =Q87-Q89 -> 1.1633847 | R91: =R87-R89 -> 5.1632904 | S91: =S87-S89 -> 0.0454781 | T91: =T87-T89 -> 0.0156216 | U91: =U87-U89 -> 0.3521652 | V91: =V87-V89 -> 0.9796894 | ... Y91: =Y87-Y89 -> 0.0097968
A92: totft | B92: =B84+B85+B86+B89 -> 2704.0474 | C92: =C84+C85+C86+C89 -> 9856.3484 | D92: =D84+D85+D86+D89 -> 8627.324 | E92: =E84+E85+E86+E89 -> 39570.134 | F92: =F84+F85+F86+F89 -> 2.5253162 | G92: =G84+G85+G86+G89 -> 0.45285995 | H92: =H84+H85+H86+H89 -> 23.536856 | I92: =I84+I85+I86+I89 -> 64.006331 | ... L92: =L84+L85+L86+L89 -> 22.468444 | N92: totft (s) | O92: =O84+O85+O87 -> 31.117319 | P92: =P84+P85+P87 -> 1196.4047 | Q92: =Q84+Q85+Q87 -> 219.89499 | R92: =R84+R85+R87 -> 12331.164 | S92: =S84+S85+S87 -> 2.5252776 | T92: =T84+T85+T87 -> 0.4528236 | U92: =U84+U85+U87 -> 23.536819 | V92: =V84+V85+V87 -> 64.006302 | ... Y92: =Y84+Y85+Y87 -> 22.468352
A93: gainig% | B93: =B90/B92*100 -> 35.496425 | C93: =C90/C92*100 -> 50.266781 | D93: =D90/D92*100 -> 34.99439 | E93: =E90/E92*100 -> 39.382676 | F93: =F90/F92*100 -> 1.2987155 | G93: =G90/G92*100 -> 2.4894796 | H93: =H90/H92*100 -> 1.0786096 | I93: =I90/I92*100 -> 1.1033555 | N93: gainig% | O93: =O90/O92*100 -> 0.85678203 | P93: =P90/P92*100 -> 0.1150251 | Q93: =Q90/Q92*100 -> 0.38137458 | R93: =R90/R92*100 -> 0.035104372 | S93: =S90/S92*100 -> 1.298186 | T93: =T90/T92*100 -> 2.4867962 | U93: =U90/U92*100 -> 1.0785553 | V93: =V90/V92*100 -> 1.1033401 | ... Y93: =Y90/Y92*100 -> 0.036555418
A94: gaing% | B94: =B91/B92*100 -> 49.24259 | C94: =C91/C92*100 -> 59.957338 | D94: =D91/D92*100 -> 48.546139 | E94: =E91/E92*100 -> 46.974967 | F94: =F91/F92*100 -> 1.8016494 | G94: =G91/G92*100 -> 3.4535427 | H94: =H91/H92*100 -> 1.4963064 | I94: =I91/I92*100 -> 1.5306354 | N94: gaing% | O94: =O91/O92*100 -> 1.1885751 | P94: =P91/P92*100 -> 0.13719993 | Q94: =Q91/Q92*100 -> 0.52906376 | R94: =R91/R92*100 -> 0.041871881 | S94: =S91/S92*100 -> 1.8009149 | T94: =T91/T92*100 -> 3.4498202 | U94: =U91/U92*100 -> 1.4962311 | V94: =V91/V92*100 -> 1.530614 | ... Y94: =Y91/Y92*100 -> 0.043602664
N97: =N73 -> 1 los per subap | O97: =O73 -> 0 | P97: =P73 -> 0 | Q97: =Q73 -> 0 | R97: =R73 -> 0 | S97: =S73 -> 0 | T97: =T73 -> 0 | U97: =U73 -> 0 | ... Y97: =Y73 -> 0
N98: =N74 -> 0 | O98: =O74 -> DKIST-16 | P98: =P74 -> DKIST-64 | Q98: =Q74 -> EST-16 | R98: =R74 -> EST-64 | S98: =S74 -> GeMS | T98: =T74 -> MAD | U98: =U74 -> MAVIS | ... Y98: =Y74 -> ALASCA
N99: =N75 -> t_ps | O99: =O75 -> 1.53 | P99: =P75 -> 20 | Q99: =Q75 -> 3.84 | R99: =R75 -> 50.2 | S99: =S75 -> 0.198 | T99: =T75 -> 0.0525 | U99: =U75 -> 1.34 | ... Y99: =Y75 -> 0.907
N100: =N76 -> t_prop | O100: =O76 -> 0.573 | P100: =P76 -> 25.2 | Q100: =Q76 -> 1.16 | R100: =R76 -> 70.6 | S100: =S76 -> 0.046 | T100: =T76 -> 0.00959 | U100: =U76 -> 0.342 | ... Y100: =Y76 -> 6.88
N101: =N77 -> t_correlate | O101: =O77 -> 9e-05 | P101: =P77 -> 0.00038 | Q101: =Q77 -> 9e-05 | R101: =R77 -> 0.00038 | S101: =S77 -> 0 | T101: =T77 -> 0 | U101: =U77 -> 0 | ... Y101: =Y77 -> 0
N102: =N78 -> t_FT | O102: =O78 -> 5.68e-05 | P102: =P78 -> 0.000184 | Q102: =Q78 -> 5.68e-05 | R102: =R78 -> 0.000184 | S102: =S78 -> 5.68e-05 | T102: =T78 -> 5.68e-05 | U102: =U78 -> 5.68e-05 | ... Y102: =Y78 -> 0.000184
N103: =N79 -> t_IG | O103: =O79 -> 3.64e-05 | P103: =P79 -> 7.87e-05 | Q103: =Q79 -> 3.64e-05 | R103: =R79 -> 7.87e-05 | S103: =S79 -> 3.64e-05 | T103: =T79 -> 3.64e-05 | U103: =U79 -> 3.64e-05 | ... Y103: =Y79 -> 7.87e-05
N104: =N80 -> t_G | O104: =O80 -> 2.85e-05 | P104: =P80 -> 5.84e-05 | Q104: =Q80 -> 2.85e-05 | R104: =R80 -> 5.84e-05 | S104: =S80 -> 2.85e-05 | T104: =T80 -> 2.85e-05 | U104: =U80 -> 2.85e-05 | ... Y104: =Y80 -> 5.84e-05
N105: =N81 -> number ps | O105: =O81 -> 3 | P105: =P81 -> 3 | Q105: =Q81 -> 5 | R105: =R81 -> 5 | S105: =S81 -> 3 | T105: =T81 -> 2 | U105: =U81 -> 3 | ... Y105: =Y81 -> 2
N106: =N82 -> number prop | O106: =O82 -> 45 | P106: =P82 -> 45 | Q106: =Q82 -> 171 | R106: =R82 -> 171 | S106: =S82 -> 40 | T106: =T82 -> 33 | U106: =U82 -> 55 | ... Y106: =Y82 -> 3
N107: =N83 -> numsubap | O107: =O83 -> 13069 | P107: =P83 -> 13069 | Q107: =Q83 -> 41109 | R107: =R83 -> 41109 | S107: =S83 -> 1607 | T107: =T83 -> 552 | U107: =U83 -> 12444 | ... Y107: =Y83 -> 78
N108: =N84 -> T_ps | O108: =O84 -> 4.59 | P108: =P84 -> 60 | Q108: =Q84 -> 19.2 | R108: =R84 -> 251 | S108: =S84 -> 0.594 | T108: =T84 -> 0.105 | U108: =U84 -> 4.02 | ... Y108: =Y84 -> 1.814
...

Sheet Sheet2
A1: =Sheet1!A74 -> 0 | B1: =Sheet1!B74 -> DKIST-16 | C1: =Sheet1!C74 -> DKIST-64 | D1: =Sheet1!D74 -> EST-16 | E1: =Sheet1!E74 -> EST-64 | F1: =Sheet1!G74 -> MAD | G1: =Sheet1!I74 -> MORFEO
A2: =Sheet1!A75 -> t_ps | B2: =Sheet1!B75 -> 1.53 | C2: =Sheet1!C75 -> 20 | D2: =Sheet1!D75 -> 3.84 | E2: =Sheet1!E75 -> 50.2 | F2: =Sheet1!G75 -> 0.0525 | G2: =Sheet1!I75 -> 2.08
A3: =Sheet1!A76 -> t_prop | B3: =Sheet1!B76 -> 0.573 | C3: =Sheet1!C76 -> 25.2 | D3: =Sheet1!D76 -> 1.16 | E3: =Sheet1!E76 -> 70.6 | F3: =Sheet1!G76 -> 0.00959 | G3: =Sheet1!I76 -> 1.24
A4: =Sheet1!A80 -> t_correlate | B4: =Sheet1!B80 -> 9e-05 | C4: =Sheet1!C80 -> 0.00038 | D4: =Sheet1!D80 -> 9e-05 | E4: =Sheet1!E80 -> 0.00038 | F4: =Sheet1!G80 -> 0 | G4: =Sheet1!I80 -> 0
A5: =Sheet1!A77 -> t_FT | B5: =Sheet1!B77 -> 5.68e-05 | C5: =Sheet1!C77 -> 0.000184 | D5: =Sheet1!D77 -> 5.68e-05 | E5: =Sheet1!E77 -> 0.000184 | F5: =Sheet1!G77 -> 5.68e-05 | G5: =Sheet1!I77 -> 5.68e-05
A6: =Sheet1!A78 -> t_IG | B6: =Sheet1!B78 -> 3.64e-05 | C6: =Sheet1!C78 -> 7.87e-05 | D6: =Sheet1!D78 -> 3.64e-05 | E6: =Sheet1!E78 -> 7.87e-05 | F6: =Sheet1!G78 -> 3.64e-05 | G6: =Sheet1!I78 -> 3.64e-05
A7: =Sheet1!A79 -> t_G | B7: =Sheet1!B79 -> 2.85e-05 | C7: =Sheet1!C79 -> 5.84e-05 | D7: =Sheet1!D79 -> 2.85e-05 | E7: =Sheet1!E79 -> 5.84e-05 | F7: =Sheet1!G79 -> 2.85e-05 | G7: =Sheet1!I79 -> 2.85e-05
A8: =Sheet1!A81 -> number ps | B8: =Sheet1!B16 -> 3 | C8: =Sheet1!C16 -> 3 | D8: =Sheet1!D16 -> 5 | E8: =Sheet1!E16 -> 5 | F8: =Sheet1!F16 -> 3 | G8: =Sheet1!G16 -> 2
A9: num_wfs_image | B9: =INT(Sheet1!B48*Sheet1!B50) -> 13069 | C9: =INT(Sheet1!C48*Sheet1!C50) -> 13069 | D9: =INT(Sheet1!D48*Sheet1!D50) -> 41109 | E9: =INT(Sheet1!E48*Sheet1!E50) -> 41109 | F9: =INT(Sheet1!F48*Sheet1!F50) -> 1607 | G9: =INT(Sheet1!G48*Sheet1!G50) -> 552
A10: num_iso | B10: =Sheet1!B52 -> 3600 | C10: =Sheet1!C52 -> 3600 | D10: =Sheet1!D52 -> 3600 | E10: =Sheet1!E52 -> 3600 | F10: =Sheet1!F52 -> 1 | G10: =Sheet1!G52 -> 1
A11: num_prop | B11: =(B8*2-1)*B9 -> 65345 | C11: =(C8*2-1)*C9 -> 65345 | D11: =(D8*2-1)*D9 -> 369981 | E11: =(E8*2-1)*E9 -> 369981 | F11: =(F8*2-1)*F9 -> 8035 | G11: =(G8*2-1)*G9 -> 1656
A12: =Sheet1!A84 -> T_ps | B12: =B8*B2 -> 4.59 | C12: =C8*C2 -> 60 | D12: =D8*D2 -> 19.2 | E12: =E8*E2 -> 251 | F12: =F8*F2 -> 0.1575 | G12: =G8*G2 -> 4.16
A13: =Sheet1!A85 -> T_prop | B13: =B11*B3 -> 37442.685 | C13: =C11*C3 -> 1646694 | D13: =D11*D3 -> 429177.96 | E13: =E11*E3 -> 26120659 | F13: =F11*F3 -> 77.05565 | G13: =G11*G3 -> 2053.44
A14: =Sheet1!A89 -> T_correlate | B14: =B4*B9 -> 1.17621 | C14: =C4*C9 -> 4.96622 | D14: =D4*D9 -> 3.69981 | E14: =E4*E9 -> 15.62142 | F14: =F4*F9 -> 0 | G14: =G4*G9 -> 0
A15: =Sheet1!A86 -> T_FT | B15: =B5*B9 -> 0.7423192 | C15: =C5*C9 -> 2.404696 | D15: =D5*D9 -> 2.3349912 | E15: =E5*E9 -> 7.564056 | F15: =F5*F9 -> 0.0912776 | G15: =G5*G9 -> 0.0313536
A16: =Sheet1!A87 -> T_IG | B16: =B6*B9 -> 0.4757116 | C16: =C6*C9 -> 1.0285303 | D16: =D6*D9 -> 1.4963676 | E16: =E6*E9 -> 3.2352783 | F16: =F6*F9 -> 0.0584948 | G16: =G6*G9 -> 0.0200928
A17: =Sheet1!A88 -> T_G | B17: =B7*B9 -> 0.3724665 | C17: =C7*C9 -> 0.7632296 | D17: =D7*D9 -> 1.1716065 | E17: =E7*E9 -> 2.4007656 | F17: =F7*F9 -> 0.0457995 | G17: =G7*G9 -> 0.015732
A18: Total_FT | B18: =B12+B13+B14+B15 -> 37449.194 | C18: =C12+C13+C14+C15 -> 1646761.4 | D18: =D12+D13+D14+D15 -> 429203.19 | E18: =E12+E13+E14+E15 -> 26120933 | F18: =F12+F13+F14+F15 -> 77.304428 | G18: =G12+G13+G14+G15 -> 2057.6314
A19: =Sheet1!A90 -> benefit-IG (s) | B19: =B15-B16 -> 0.2666076 | C19: =C15-C16 -> 1.3761657 | D19: =D15-D16 -> 0.8386236 | E19: =E15-E16 -> 4.3287777 | F19: =F15-F16 -> 0.0327828 | G19: =G15-G16 -> 0.0112608
A20: =Sheet1!A91 -> benefit-G (s) | B20: =B15-B17 -> 0.3698527 | C20: =C15-C17 -> 1.6414664 | D20: =D15-D17 -> 1.1633847 | E20: =E15-E17 -> 5.1632904 | F20: =F15-F17 -> 0.0454781 | G20: =G15-G17 -> 0.0156216
A21: benefit-IG (%) | B21: =B19/B18*100 -> 0.00071191813 | C21: =C19/C18*100 -> 8.356801e-05 | D21: =D19/D18*100 -> 0.00019539081 | E21: =E19/E18*100 -> 1.6572064e-05 | F21: =F19/F18*100 -> 0.042407403 | G21: =G19/G18*100 -> 0.00054727004
A22: benefit-G (%) | B22: =B20/B18 -> 9.8761192e-06 | C22: =C20/C18 -> 9.9678462e-07 | D22: =D20/D18 -> 2.7105686e-06 | E22: =E20/E18 -> 1.9766868e-07 | F22: =F20/F18 -> 0.00058829877 | G22: =G20/G18 -> 7.5920305e-06

Sheet Sheet3
A1: =Sheet1!A74 -> 0 | B1: =Sheet1!B74 -> DKIST-16 | C1: =Sheet1!C74 -> DKIST-64 | D1: =Sheet1!D74 -> EST-16 | E1: =Sheet1!E74 -> EST-64 | F1: =Sheet1!G74 -> MAD | G1: =Sheet1!I74 -> MORFEO
A2: =Sheet1!A75 -> t_ps | B2: =Sheet1!B75 -> 1.53 | C2: =Sheet1!C75 -> 20 | D2: =Sheet1!D75 -> 3.84 | E2: =Sheet1!E75 -> 50.2 | F2: =Sheet1!G75 -> 0.0525 | G2: =Sheet1!I75 -> 2.08
A3: =Sheet1!A76 -> t_prop | B3: =Sheet1!B76 -> 0.573 | C3: =Sheet1!C76 -> 25.2 | D3: =Sheet1!D76 -> 1.16 | E3: =Sheet1!E76 -> 70.6 | F3: =Sheet1!G76 -> 0.00959 | G3: =Sheet1!I76 -> 1.24
A4: =Sheet1!A80 -> t_correlate | B4: =Sheet1!B80 -> 9e-05 | C4: =Sheet1!C80 -> 0.00038 | D4: =Sheet1!D80 -> 9e-05 | E4: =Sheet1!E80 -> 0.00038 | F4: =Sheet1!G80 -> 0 | G4: =Sheet1!I80 -> 0
A5: =Sheet1!A77 -> t_FT | B5: =Sheet1!B77 -> 5.68e-05 | C5: =Sheet1!C77 -> 0.000184 | D5: =Sheet1!D77 -> 5.68e-05 | E5: =Sheet1!E77 -> 0.000184 | F5: =Sheet1!G77 -> 5.68e-05 | G5: =Sheet1!I77 -> 5.68e-05
A6: =Sheet1!A78 -> t_IG | B6: =Sheet1!B78 -> 3.64e-05 | C6: =Sheet1!C78 -> 7.87e-05 | D6: =Sheet1!D78 -> 3.64e-05 | E6: =Sheet1!E78 -> 7.87e-05 | F6: =Sheet1!G78 -> 3.64e-05 | G6: =Sheet1!I78 -> 3.64e-05
A7: =Sheet1!A79 -> t_G | B7: =Sheet1!B79 -> 2.85e-05 | C7: =Sheet1!C79 -> 5.84e-05 | D7: =Sheet1!D79 -> 2.85e-05 | E7: =Sheet1!E79 -> 5.84e-05 | F7: =Sheet1!G79 -> 2.85e-05 | G7: =Sheet1!I79 -> 2.85e-05
A8: =Sheet1!A81 -> number ps | B8: =Sheet1!B16 -> 3 | C8: =Sheet1!C16 -> 3 | D8: =Sheet1!D16 -> 5 | E8: =Sheet1!E16 -> 5 | F8: =Sheet1!F16 -> 3 | G8: =Sheet1!G16 -> 2
A9: num_wfs_image | B9: =INT(Sheet1!B48*Sheet1!B50) -> 13069 | C9: =INT(Sheet1!C48*Sheet1!C50) -> 13069 | D9: =INT(Sheet1!D48*Sheet1!D50) -> 41109 | E9: =INT(Sheet1!E48*Sheet1!E50) -> 41109 | F9: =INT(Sheet1!F48*Sheet1!F50) -> 1607 | G9: =INT(Sheet1!G48*Sheet1!G50) -> 552
A10: num_iso | B10: =Sheet1!B52 -> 3600 | C10: =Sheet1!C52 -> 3600 | D10: =Sheet1!D52 -> 3600 | E10: =Sheet1!E52 -> 3600 | F10: =Sheet1!F52 -> 1 | G10: =Sheet1!G52 -> 1
A11: num_prop | B11: =(B8*2-1)*B9 -> 65345 | C11: =(C8*2-1)*C9 -> 65345 | D11: =(D8*2-1)*D9 -> 369981 | E11: =(E8*2-1)*E9 -> 369981 | F11: =(F8*2-1)*F9 -> 8035 | G11: =(G8*2-1)*G9 -> 1656
A12: =Sheet1!A84 -> T_ps | B12: =B8*B2 -> 4.59 | C12: =C8*C2 -> 60 | D12: =D8*D2 -> 19.2 | E12: =E8*E2 -> 251 | F12: =F8*F2 -> 0.1575 | G12: =G8*G2 -> 4.16
A13: =Sheet1!A85 -> T_prop | B13: =B11*B3 -> 37442.685 | C13: =C11*C3 -> 1646694 | D13: =D11*D3 -> 429177.96 | E13: =E11*E3 -> 26120659 | F13: =F11*F3 -> 77.05565 | G13: =G11*G3 -> 2053.44
A14: =Sheet1!A89 -> T_correlate | B14: =B4*B9 -> 1.17621 | C14: =C4*C9 -> 4.96622 | D14: =D4*D9 -> 3.69981 | E14: =E4*E9 -> 15.62142 | F14: =F4*F9 -> 0 | G14: =G4*G9 -> 0
A15: =Sheet1!A86 -> T_FT | B15: =B5*B9 -> 0.7423192 | C15: =C5*C9 -> 2.404696 | D15: =D5*D9 -> 2.3349912 | E15: =E5*E9 -> 7.564056 | F15: =F5*F9 -> 0.0912776 | G15: =G5*G9 -> 0.0313536
A16: =Sheet1!A87 -> T_IG | B16: =B6*B9 -> 0.4757116 | C16: =C6*C9 -> 1.0285303 | D16: =D6*D9 -> 1.4963676 | E16: =E6*E9 -> 3.2352783 | F16: =F6*F9 -> 0.0584948 | G16: =G6*G9 -> 0.0200928
A17: =Sheet1!A88 -> T_G | B17: =B7*B9 -> 0.3724665 | C17: =C7*C9 -> 0.7632296 | D17: =D7*D9 -> 1.1716065 | E17: =E7*E9 -> 2.4007656 | F17: =F7*F9 -> 0.0457995 | G17: =G7*G9 -> 0.015732
A18: Total_FT | B18: =B12+B13+B14+B15 -> 37449.194 | C18: =C12+C13+C14+C15 -> 1646761.4 | D18: =D12+D13+D14+D15 -> 429203.19 | E18: =E12+E13+E14+E15 -> 26120933 | F18: =F12+F13+F14+F15 -> 77.304428 | G18: =G12+G13+G14+G15 -> 2057.6314
A19: =Sheet1!A90 -> benefit-IG (s) | B19: =B15-B16 -> 0.2666076 | C19: =C15-C16 -> 1.3761657 | D19: =D15-D16 -> 0.8386236 | E19: =E15-E16 -> 4.3287777 | F19: =F15-F16 -> 0.0327828 | G19: =G15-G16 -> 0.0112608
A20: =Sheet1!A91 -> benefit-G (s) | B20: =B15-B17 -> 0.3698527 | C20: =C15-C17 -> 1.6414664 | D20: =D15-D17 -> 1.1633847 | E20: =E15-E17 -> 5.1632904 | F20: =F15-F17 -> 0.0454781 | G20: =G15-G17 -> 0.0156216
A21: benefit-IG (%) | B21: =B19/B18*100 -> 0.00071191813 | C21: =C19/C18*100 -> 8.356801e-05 | D21: =D19/D18*100 -> 0.00019539081 | E21: =E19/E18*100 -> 1.6572064e-05 | F21: =F19/F18*100 -> 0.042407403 | G21: =G19/G18*100 -> 0.00054727004
A22: benefit-G (%) | B22: =B20/B18*100 -> 0.00098761192 | C22: =C20/C18*100 -> 9.9678462e-05 | D22: =D20/D18*100 -> 0.00027105686 | E22: =E20/E18*100 -> 1.9766868e-05 | F22: =F20/F18*100 -> 0.058829877 | G22: =G20/G18*100 -> 0.00075920305
